Manufacturer,Make,Model,Serial Number,Notes
Institute of Geological & Nuclear Sciences Ltd.,GNSScience,EARSS/16,204,
Institute of Geological & Nuclear Sciences Ltd.,GNSScience,EARSS/16,205,
Institute of Geological & Nuclear Sciences Ltd.,GNSScience,EARSS/16,206,
Institute of Geological & Nuclear Sciences Ltd.,GNSScience,EARSS/16,207,
Institute of Geological & Nuclear Sciences Ltd.,GNSScience,EARSS/16,208,
Institute of Geological & Nuclear Sciences Ltd.,GNSScience,EARSS/16,209,
Institute of Geological & Nuclear Sciences Ltd.,GNSScience,EARSS/16,210,
Institute of Geological & Nuclear Sciences Ltd.,GNSScience,EARSS/16,211,
Institute of Geological & Nuclear Sciences Ltd.,GNSScience,EARSS/16,255,
Institute of Geological & Nuclear Sciences Ltd.,GNSScience,EARSS/3,001,
Institute of Geological & Nuclear Sciences Ltd.,GNSScience,EARSS/3,002,
Institute of Geological & Nuclear Sciences Ltd.,GNSScience,EARSS/3,003,
Institute of Geological & Nuclear Sciences Ltd.,GNSScience,EARSS/3,004,
Institute of Geological & Nuclear Sciences Ltd.,GNSScience,EARSS/3,005,
Institute of Geological & Nuclear Sciences Ltd.,GNSScience,EARSS/3,006,
Institute of Geological & Nuclear Sciences Ltd.,GNSScience,EARSS/3,007,
Institute of Geological & Nuclear Sciences Ltd.,GNSScience,EARSS/3,008,
Institute of Geological & Nuclear Sciences Ltd.,GNSScience,EARSS/3,009,
Institute of Geological & Nuclear Sciences Ltd.,GNSScience,EARSS/3,010,
Institute of Geological & Nuclear Sciences Ltd.,GNSScience,EARSS/3,011,
Institute of Geological & Nuclear Sciences Ltd.,GNSScience,EARSS/3,012,
Institute of Geological & Nuclear Sciences Ltd.,GNSScience,EARSS/3,013,
Institute of Geological & Nuclear Sciences Ltd.,GNSScience,EARSS/3,014,
Institute of Geological & Nuclear Sciences Ltd.,GNSScience,EARSS/3,015,
Institute of Geological & Nuclear Sciences Ltd.,GNSScience,EARSS/3,016,
Institute of Geological & Nuclear Sciences Ltd.,GNSScience,EARSS/3,017,
Institute of Geological & Nuclear Sciences Ltd.,GNSScience,EARSS/3,018,
Institute of Geological & Nuclear Sciences Ltd.,GNSScience,EARSS/3,019,
Institute of Geological & Nuclear Sciences Ltd.,GNSScience,EARSS/3,020,
Institute of Geological & Nuclear Sciences Ltd.,GNSScience,EARSS/3,021,
Institute of Geological & Nuclear Sciences Ltd.,GNSScience,EARSS/3,022,
Institute of Geological & Nuclear Sciences Ltd.,GNSScience,EARSS/3,023,
Institute of Geological & Nuclear Sciences Ltd.,GNSScience,EARSS/3,024,
Institute of Geological & Nuclear Sciences Ltd.,GNSScience,EARSS/3,025,
Institute of Geological & Nuclear Sciences Ltd.,GNSScience,EARSS/3,026,
Institute of Geological & Nuclear Sciences Ltd.,GNSScience,EARSS/3,027,
Institute of Geological & Nuclear Sciences Ltd.,GNSScience,EARSS/3,028,
Institute of Geological & Nuclear Sciences Ltd.,GNSScience,EARSS/3,029,
Institute of Geological & Nuclear Sciences Ltd.,GNSScience,EARSS/3,030,
Institute of Geological & Nuclear Sciences Ltd.,GNSScience,EARSS/3,031,
Institute of Geological & Nuclear Sciences Ltd.,GNSScience,EARSS/3,032,
Institute of Geological & Nuclear Sciences Ltd.,GNSScience,EARSS/3,033,
Institute of Geological & Nuclear Sciences Ltd.,GNSScience,EARSS/3,034,
Institute of Geological & Nuclear Sciences Ltd.,GNSScience,EARSS/3,035,
Institute of Geological & Nuclear Sciences Ltd.,GNSScience,EARSS/3,036,
Institute of Geological & Nuclear Sciences Ltd.,GNSScience,EARSS/3,037,
Institute of Geological & Nuclear Sciences Ltd.,GNSScience,EARSS/3,038,
Institute of Geological & Nuclear Sciences Ltd.,GNSScience,EARSS/3,039,
Institute of Geological & Nuclear Sciences Ltd.,GNSScience,EARSS/3,040,
Institute of Geological & Nuclear Sciences Ltd.,GNSScience,EARSS/3,085,
Institute of Geological & Nuclear Sciences Ltd.,GNSScience,EARSS/3,087,
Institute of Geological & Nuclear Sciences Ltd.,GNSScience,EARSS/3,099,
Institute of Geological & Nuclear Sciences Ltd.,GNSScience,EARSS/3,101,
Institute of Geological & Nuclear Sciences Ltd.,GNSScience,EARSS/3,102,
Institute of Geological & Nuclear Sciences Ltd.,GNSScience,EARSS/3,103,
Institute of Geological & Nuclear Sciences Ltd.,GNSScience,EARSS/3,104,
Institute of Geological & Nuclear Sciences Ltd.,GNSScience,EARSS/3,105,
Institute of Geological & Nuclear Sciences Ltd.,GNSScience,EARSS/3,106,
Institute of Geological & Nuclear Sciences Ltd.,GNSScience,EARSS/3,107,
Institute of Geological & Nuclear Sciences Ltd.,GNSScience,EARSS/3,108,
Institute of Geological & Nuclear Sciences Ltd.,GNSScience,EARSS/3,109,
Institute of Geological & Nuclear Sciences Ltd.,GNSScience,EARSS/3,110,
Institute of Geological & Nuclear Sciences Ltd.,GNSScience,EARSS/3,111,
Institute of Geological & Nuclear Sciences Ltd.,GNSScience,EARSS/3,112,
Institute of Geological & Nuclear Sciences Ltd.,GNSScience,EARSS/3,113,
Institute of Geological & Nuclear Sciences Ltd.,GNSScience,EARSS/3,114,
Institute of Geological & Nuclear Sciences Ltd.,GNSScience,EARSS/3,115,
Institute of Geological & Nuclear Sciences Ltd.,GNSScience,EARSS/3,116,
Institute of Geological & Nuclear Sciences Ltd.,GNSScience,EARSS/3,117,
Institute of Geological & Nuclear Sciences Ltd.,GNSScience,EARSS/3,118,
Institute of Geological & Nuclear Sciences Ltd.,GNSScience,EARSS/3,119,
Institute of Geological & Nuclear Sciences Ltd.,GNSScience,EARSS/3,120,
Institute of Geological & Nuclear Sciences Ltd.,GNSScience,EARSS/3,121,
Institute of Geological & Nuclear Sciences Ltd.,GNSScience,EARSS/3,122,
Institute of Geological & Nuclear Sciences Ltd.,GNSScience,EARSS/3,123,
Institute of Geological & Nuclear Sciences Ltd.,GNSScience,EARSS/3,124,
Institute of Geological & Nuclear Sciences Ltd.,GNSScience,EARSS/3,125,
Institute of Geological & Nuclear Sciences Ltd.,GNSScience,EARSS/3,151,
Institute of Geological & Nuclear Sciences Ltd.,GNSScience,EARSS/3,152,
Institute of Geological & Nuclear Sciences Ltd.,GNSScience,EARSS/3,153,
Institute of Geological & Nuclear Sciences Ltd.,GNSScience,EARSS/3,154,
Institute of Geological & Nuclear Sciences Ltd.,GNSScience,EARSS/3,155,
Institute of Geological & Nuclear Sciences Ltd.,GNSScience,EARSS/3,156,
Institute of Geological & Nuclear Sciences Ltd.,GNSScience,EARSS/3,181,
Institute of Geological & Nuclear Sciences Ltd.,GNSScience,EARSS/3,182,
Institute of Geological & Nuclear Sciences Ltd.,GNSScience,EARSS/3,183,
Institute of Geological & Nuclear Sciences Ltd.,GNSScience,EARSS/3,197,
Institute of Geological & Nuclear Sciences Ltd.,GNSScience,EARSS/3,199,
Institute of Geological & Nuclear Sciences Ltd.,GNSScience,RATS-RECORDER,801,
Institute of Geological & Nuclear Sciences Ltd.,GNSScience,RATS-RECORDER,802,
Institute of Geological & Nuclear Sciences Ltd.,GNSScience,RATS-RECORDER,803,
Institute of Geological & Nuclear Sciences Ltd.,GNSScience,RATS-RECORDER,804,
Institute of Geological & Nuclear Sciences Ltd.,GNSScience,RATS-RECORDER,805,
Institute of Geological & Nuclear Sciences Ltd.,GNSScience,RATS-RECORDER,806,
Institute of Geological & Nuclear Sciences Ltd.,GNSScience,RATS-RECORDER,807,
Institute of Geological & Nuclear Sciences Ltd.,GNSScience,RATS-RECORDER,808,
Institute of Geological & Nuclear Sciences Ltd.,GNSScience,RATS-RECORDER,809,
Institute of Geological & Nuclear Sciences Ltd.,GNSScience,RATS-RECORDER,810,
Institute of Geological & Nuclear Sciences Ltd.,GNSScience,RATS-RECORDER,811,
Institute of Geological & Nuclear Sciences Ltd.,GNSScience,RATS-RECORDER,812,
Institute of Geological & Nuclear Sciences Ltd.,GNSScience,RATS-RECORDER,821,
Institute of Geological & Nuclear Sciences Ltd.,GNSScience,RATS-RECORDER,822,
Institute of Geological & Nuclear Sciences Ltd.,GNSScience,RATS-RECORDER,823,
Institute of Geological & Nuclear Sciences Ltd.,GNSScience,RATS-RECORDER,824,
Institute of Geological & Nuclear Sciences Ltd.,GNSScience,RATS-RECORDER,825,
Institute of Geological & Nuclear Sciences Ltd.,GNSScience,SNARE/16,200,
Institute of Geological & Nuclear Sciences Ltd.,GNSScience,SNARE/16,201,
Institute of Geological & Nuclear Sciences Ltd.,GNSScience,SNARE/16,202,
Institute of Geological & Nuclear Sciences Ltd.,GNSScience,SNARE/16,203,
