Make,Sensor,Datalogger,Serial,Station,Station Cusp3D Start Date,Firmware,Version,Firmware Start Date,Firmware End Date,Notes 
CSI,CUSP3D,CUSP3D,42007,TRTS,2013-10-08T00:30:00Z,Cusp3D+r,400.74.1,2019-08-29T00:00:00Z,9999-01-01T00:00:00Z,Fix GPS timing 1 sec
CSI,CUSP3D,CUSP3D,42009,MPSS,2012-04-18T05:30:00Z,Cusp3D+r,400.74.1,2019-08-16T00:00:00Z,9999-01-01T00:00:00Z,Fix GPS timing 1 sec
CSI,CUSP3D,CUSP3D,42010,TAFS,2014-03-25T05:15:00Z,Cusp3D+r,400.74.1,2019-08-29T00:00:00Z,9999-01-01T00:00:00Z,Fix GPS timing 1 sec
CSI,CUSP3D,CUSP3D,42011,SHFC,2017-09-13T01:37:00Z,Cusp3D+r,400.74.1,2019-08-16T00:00:00Z,9999-01-01T00:00:00Z,Fix GPS timing 1 sec
CSI,CUSP3D,CUSP3D,42012,STAS,2014-04-09T23:13:00Z,Cusp3D+r,400.74.1,2019-08-16T00:00:00Z,9999-01-01T00:00:00Z,Fix GPS timing 1 sec
CSI,CUSP3D,CUSP3D,42013,WTYS,2016-12-07T00:00:05Z,Cusp3D+r,400.74.1,2019-08-30T00:00:00Z,9999-01-01T00:00:00Z,Fix GPS timing 1 sec
CSI,CUSP3D,CUSP3D,42014,EKTS,2014-01-21T23:30:00Z,Cusp3D+r,400.74.1,2019-08-16T00:00:00Z,9999-01-01T00:00:00Z,Fix GPS timing 1 sec
CSI,CUSP3D,CUSP3D,42015,WKHS,2014-04-10T04:53:02Z,Cusp3D+r,400.74.1,2019-08-29T00:00:00Z,9999-01-01T00:00:00Z,Fix GPS timing 1 sec
CSI,CUSP3D,CUSP3D,42017,TDHS,2014-07-21T00:00:05Z,Cusp3D+r,400.74.1,2019-09-16T00:00:00Z,9999-01-01T00:00:00Z,Fix GPS timing 1 sec
CSI,CUSP3D,CUSP3D,42018,SHLC,2017-08-09T22:04:00Z,Cusp3D+r,400.74.1,2019-08-16T00:00:00Z,9999-01-01T00:00:00Z,Fix GPS timing 1 sec
CSI,CUSP3D,CUSP3D,42019,KLDS,2014-01-30T23:46:40Z,Cusp3D+r,400.74.1,2019-08-16T00:00:00Z,9999-01-01T00:00:00Z,Fix GPS timing 1 sec
CSI,CUSP3D,CUSP3D,42020,MKVS,2013-10-11T02:55:00Z,Cusp3D+r,400.74.1,2019-08-30T00:00:00Z,9999-01-01T00:00:00Z,Fix GPS timing 1 sec
CSI,CUSP3D,CUSP3D,42021,STKS,2016-09-07T03:49:00Z,Cusp3D+r,400.74.1,2019-08-30T00:00:00Z,9999-01-01T00:00:00Z,Fix GPS timing 1 sec
CSI,CUSP3D,CUSP3D,42022,WNKS,2014-05-08T23:42:00Z,Cusp3D+r,400.74.1,2019-08-29T00:00:00Z,9999-01-01T00:00:00Z,Fix GPS timing 1 sec
CSI,CUSP3D,CUSP3D,42023,KFHS,2014-08-25T00:00:10Z,Cusp3D+r,400.74.1,2019-08-30T00:00:00Z,9999-01-01T00:00:00Z,Fix GPS timing 1 sec
CSI,CUSP3D,CUSP3D,42024,PVCS,2013-10-08T23:45:00Z,Cusp3D+r,400.74.1,2019-08-29T00:00:00Z,9999-01-01T00:00:00Z,Fix GPS timing 1 sec
CSI,CUSP3D,CUSP3D,42025,HSSS,2014-05-08T23:39:20Z,Cusp3D+r,400.74.1,2019-08-16T00:00:00Z,9999-01-01T00:00:00Z,Fix GPS timing 1 sec
CSI,CUSP3D,CUSP3D,42026,WIGC,2018-05-16T03:30:00Z,Cusp3D+r,400.74.1,2019-08-16T00:00:00Z,9999-01-01T00:00:00Z,Fix GPS timing 1 sec
CSI,CUSP3D,CUSP3D,42027,PRPC,2017-08-23T23:45:05Z,Cusp3D+r,400.74.1,2019-08-16T00:00:00Z,9999-01-01T00:00:00Z,Fix GPS timing 1 sec
CSI,CUSP3D,CUSP3D,42028,FXBS,2014-05-16T03:17:00Z,Cusp3D+r,400.74.1,2019-08-16T00:00:00Z,9999-01-01T00:00:00Z,Fix GPS timing 1 sec
CSI,CUSP3D,CUSP3D,42029,GDLC,2017-09-13T05:23:00Z,Cusp3D+r,400.74.1,2019-08-16T00:00:00Z,9999-01-01T00:00:00Z,Fix GPS timing 1 sec
CSI,CUSP3D,CUSP3D,42031,PNMS,2016-05-18T23:55:00Z,Cusp3D+r,400.74.1,2019-08-16T00:00:00Z,9999-01-01T00:00:00Z,Fix GPS timing 1 sec
CSI,CUSP3D,CUSP3D,42032,TMHS,2017-07-20T00:00:02Z,Cusp3D+r,400.74.1,2019-08-30T00:00:00Z,9999-01-01T00:00:00Z,Fix GPS timing 1 sec
CSI,CUSP3D,CUSP3D,42033,WNAS,2015-04-29T00:10:00Z,Cusp3D+r,400.74.1,2019-08-30T00:00:00Z,9999-01-01T00:00:00Z,Fix GPS timing 1 sec
CSI,CUSP3D,CUSP3D,42034,LINC,2017-08-22T23:30:00Z,Cusp3D+r,400.74.1,2019-08-16T00:00:00Z,9999-01-01T00:00:00Z,Fix GPS timing 1 sec
CSI,CUSP3D,CUSP3D,42035,HALS,2018-02-20T02:30:00Z,Cusp3D+r,400.74.1,2019-08-30T00:00:00Z,9999-01-01T00:00:00Z,Fix GPS timing 1 sec
CSI,CUSP3D,CUSP3D,42036,GWTS,2014-07-23T00:00:05Z,Cusp3D+r,400.74.1,2019-08-16T00:00:00Z,9999-01-01T00:00:00Z,Fix GPS timing 1 sec
CSI,CUSP3D,CUSP3D,42037,SCAC,2017-09-11T04:36:00Z,Cusp3D+r,400.74.1,2019-08-16T00:00:00Z,9999-01-01T00:00:00Z,Fix GPS timing 1 sec
CSI,CUSP3D,CUSP3D,42038,OPSS,2013-10-22T01:01:00Z,Cusp3D+r,400.74.1,2019-08-16T00:00:00Z,9999-01-01T00:00:00Z,Fix GPS timing 1 sec
CSI,CUSP3D,CUSP3D,42039,SLRC,2017-08-09T04:34:00Z,Cusp3D+r,400.74.1,2019-08-16T00:00:00Z,9999-01-01T00:00:00Z,Fix GPS timing 1 sec
CSI,CUSP3D,CUSP3D,42040,WNPS,2016-05-26T00:16:22Z,Cusp3D+r,400.74.1,2019-08-29T00:00:00Z,9999-01-01T00:00:00Z,Fix GPS timing 1 sec
CSI,CUSP3D,CUSP3D,42041,NLMS,2015-11-10T00:00:05Z,Cusp3D+r,400.74.1,2019-09-04T00:00:00Z,9999-01-01T00:00:00Z,Fix GPS timing 1 sec
CSI,CUSP3D,CUSP3D,42042,LSRC,2016-11-14T12:05:00Z,Cusp3D+r,400.74.1,2019-08-15T00:00:00Z,9999-01-01T00:00:00Z,Fix GPS timing 1 sec
CSI,CUSP3D,CUSP3D,42043,MSMC,2015-03-05T20:23:21Z,Cusp3D+r,400.74.1,2019-08-16T00:00:00Z,9999-01-01T00:00:00Z,Fix GPS timing 1 sec
CSI,CUSP3D,CUSP3D,42044,SACS,2013-03-13T01:10:00Z,Cusp3D+r,400.74.1,2019-08-15T00:00:00Z,9999-01-01T00:00:00Z,Fix GPS timing 1 sec
CSI,CUSP3D,CUSP3D,42046,BOWS,2014-03-17T22:08:00Z,Cusp3D+r,400.74.1,2019-08-15T00:00:00Z,9999-01-01T00:00:00Z,Fix GPS timing 1 sec
CSI,CUSP3D,CUSP3D,42047,PEEC,2016-05-13T02:01:00Z,Cusp3D+r,400.74.1,2019-08-16T00:00:00Z,9999-01-01T00:00:00Z,Fix GPS timing 1 sec
CSI,CUSP3D,CUSP3D,42048,KPOC,2016-10-13T01:43:42Z,Cusp3D+r,400.74.1,2019-08-15T00:00:00Z,9999-01-01T00:00:00Z,Fix GPS timing 1 sec
CSI,CUSP3D,CUSP3D,42049,SWNC,2016-05-10T03:05:00Z,Cusp3D+r,400.74.1,2019-08-15T00:00:00Z,9999-01-01T00:00:00Z,Fix GPS timing 1 sec
CSI,CUSP3D,CUSP3D,42050,ROLC,2016-10-09T23:41:37Z,Cusp3D+r,400.74.1,2019-08-16T00:00:00Z,9999-01-01T00:00:00Z,Fix GPS timing 1 sec
CSI,CUSP3D,CUSP3D,42051,CCCC,2016-10-09T21:15:28Z,Cusp3D+r,400.74.1,2019-08-16T00:00:00Z,9999-01-01T00:00:00Z,Fix GPS timing 1 sec
CSI,CUSP3D,CUSP3D,42052,KOWC,2016-10-12T22:14:29Z,Cusp3D+r,400.74.1,2019-08-15T00:00:00Z,9999-01-01T00:00:00Z,Fix GPS timing 1 sec
CSI,CUSP3D,CUSP3D,42053,LRSC,2016-09-06T05:45:00Z,Cusp3D+r,400.74.1,2019-08-16T00:00:00Z,9999-01-01T00:00:00Z,Fix GPS timing 1 sec
CSI,CUSP3D,CUSP3D,42054,CSTC,2016-10-13T21:50:58Z,Cusp3D+r,400.74.1,2019-08-16T00:00:00Z,9999-01-01T00:00:00Z,Fix GPS timing 1 sec
CSI,CUSP3D,CUSP3D,42056,SMTC,2016-05-12T23:20:00Z,Cusp3D+r,400.74.1,2019-08-17T00:00:00Z,9999-01-01T00:00:00Z,Fix GPS timing 1 sec
CSI,CUSP3D,CUSP3D,42059,HVSC,2016-06-15T22:53:00Z,Cusp3D+r,400.74.1,2019-08-16T00:00:00Z,9999-01-01T00:00:00Z,Fix GPS timing 1 sec
CSI,CUSP3D,CUSP3D,42060,CULC,2016-11-14T10:05:00Z,Cusp3D+r,400.74.1,2019-08-15T00:00:00Z,9999-01-01T00:00:00Z,Fix GPS timing 1 sec
CSI,CUSP3D,CUSP3D,42063,DORC,2016-10-10T01:58:45Z,Cusp3D+r,400.74.1,2019-08-15T00:00:00Z,9999-01-01T00:00:00Z,Fix GPS timing 1 sec
CSI,CUSP3D,CUSP3D,42065,SBRC,2016-09-07T00:15:00Z,Cusp3D+r,400.74.1,2019-08-16T00:00:00Z,9999-01-01T00:00:00Z,Fix GPS timing 1 sec
CSI,CUSP3D,CUSP3D,42068,HORC,2016-09-06T01:08:00Z,Cusp3D+r,400.74.1,2019-08-16T00:00:00Z,9999-01-01T00:00:00Z,Fix GPS timing 1 sec
CSI,CUSP3D,CUSP3D,42069,AMBC,2016-10-12T00:06:10Z,Cusp3D+r,400.74.1,2019-08-16T00:00:00Z,9999-01-01T00:00:00Z,Fix GPS timing 1 sec
CSI,CUSP3D,CUSP3D,42079,TAIS,2013-08-16T04:05:00Z,Cusp3D+r,400.74.1,2019-08-29T00:00:00Z,9999-01-01T00:00:00Z,Fix GPS timing 1 sec
CSI,CUSP3D,CUSP3D,42102,LRSS,2013-08-23T00:15:00Z,Cusp3D+r,400.74.1,2019-08-16T00:00:00Z,9999-01-01T00:00:00Z,Fix GPS timing 1 sec
CSI,CUSP3D,CUSP3D,42103,UHSS,2013-08-23T02:00:00Z,Cusp3D+r,400.74.1,2019-08-29T00:00:00Z,9999-01-01T00:00:00Z,Fix GPS timing 1 sec
CSI,CUSP3D,CUSP3D,42104,MAGS,2014-08-18T00:05:00Z,Cusp3D+r,400.74.1,2019-08-16T00:00:00Z,9999-01-01T00:00:00Z,Fix GPS timing 1 sec
CSI,CUSP3D,CUSP3D,42105,FGPS,2019-06-07T01:05:00Z,Cusp3D+r,400.74.1,2019-08-16T00:00:00Z,9999-01-01T00:00:00Z,Fix GPS timing 1 sec
CSI,CUSP3D,CUSP3D,42106,PGMS,2014-08-07T00:00:05Z,Cusp3D+r,400.74.1,2019-08-16T00:00:00Z,9999-01-01T00:00:00Z,Fix GPS timing 1 sec
CSI,CUSP3D,CUSP3D,42107,LIRS,2013-09-26T22:35:00Z,Cusp3D+r,400.74.1,2019-08-16T00:00:00Z,9999-01-01T00:00:00Z,Fix GPS timing 1 sec
CSI,CUSP3D,CUSP3D,42108,DAVS,2013-10-04T03:25:00Z,Cusp3D+r,400.74.1,2019-08-16T00:00:00Z,9999-01-01T00:00:00Z,Fix GPS timing 1 sec
CSI,CUSP3D,CUSP3D,42109,NBSS,2013-09-26T21:30:00Z,Cusp3D+r,400.74.1,2019-08-16T00:00:00Z,9999-01-01T00:00:00Z,Fix GPS timing 1 sec
CSI,CUSP3D,CUSP3D,42114,TPLC,2017-09-12T00:42:00Z,Cusp3D+r,400.74.1,2019-08-16T00:00:00Z,9999-01-01T00:00:00Z,Fix GPS timing 1 sec
CSI,CUSP3D,CUSP3D,42116,HHSS,2013-10-23T22:20:00Z,Cusp3D+r,,2013-10-23T22:20:00Z,2019-03-05T20:30:00Z,Timing error
CSI,CUSP3D,CUSP3D,42123,SOCS,2014-08-21T03:35:00Z,Cusp3D+r,400.74.1,2019-08-15T00:00:00Z,9999-01-01T00:00:00Z,Fix GPS timing 1 sec
CSI,CUSP3D,CUSP3D,42124,OHSS,2013-10-22T01:25:00Z,Cusp3D+r,400.74.1,2019-08-16T00:00:00Z,9999-01-01T00:00:00Z,Fix GPS timing 1 sec
CSI,CUSP3D,CUSP3D,42147,MORS,2014-05-31T22:11:04Z,Cusp3D+r,400.74.1,2019-08-30T00:00:00Z,9999-01-01T00:00:00Z,Fix GPS timing 1 sec
CSI,CUSP3D,CUSP3D,42148,WCSS,2013-10-22T22:10:00Z,Cusp3D+r,400.74.1,2019-08-30T00:00:00Z,9999-01-01T00:00:00Z,Fix GPS timing 1 sec
CSI,CUSP3D,CUSP3D,42149,SEAS,2013-11-14T23:17:00Z,Cusp3D+r,400.74.1,2019-08-29T00:00:00Z,9999-01-01T00:00:00Z,Fix GPS timing 1 sec
CSI,CUSP3D,CUSP3D,42150,OPWS,2013-12-16T21:16:35Z,Cusp3D+r,400.74.1,2019-08-16T00:00:00Z,9999-01-01T00:00:00Z,Fix GPS timing 1 sec
CSI,CUSP3D,CUSP3D,42151,RHSC,2017-08-23T04:48:00Z,Cusp3D+r,400.74.1,2019-08-16T00:00:00Z,9999-01-01T00:00:00Z,Fix GPS timing 1 sec
CSI,CUSP3D,CUSP3D,42152,HAFS,2014-07-17T01:20:00Z,Cusp3D+r,400.74.1,2019-08-16T00:00:00Z,9999-01-01T00:00:00Z,Fix GPS timing 1 sec
CSI,CUSP3D,CUSP3D,42153,FJDS,2014-07-16T01:00:00Z,Cusp3D+r,400.74.1,2019-08-16T00:00:00Z,9999-01-01T00:00:00Z,Fix GPS timing 1 sec
CSI,CUSP3D,CUSP3D,42154,FGPS,2014-07-15T22:20:00Z,Cusp3D+r,,2014-07-15T22:20:00Z,2019-05-23T12:30:00Z,Timing error
CSI,CUSP3D,CUSP3D,42154,,,Cusp3D+r,400.74.1,,9999-01-01T00:00:00Z,Sent to CSI
CSI,CUSP3D,CUSP3D,42155,HWHS,2014-08-06T04:12:00Z,Cusp3D+r,400.63,2014-08-06T04:12:00Z,2019-07-08T01:20:00Z,Timing error
CSI,CUSP3D,CUSP3D,42156,NPCS,2014-08-05T22:12:00Z,Cusp3D+r,400.74.1,2019-08-16T00:00:00Z,9999-01-01T00:00:00Z,Fix GPS timing 1 sec
CSI,CUSP3D,CUSP3D,42157,NBLC,2017-09-11T02:32:00Z,Cusp3D+r,400.74.1,2019-08-16T00:00:00Z,9999-01-01T00:00:00Z,Fix GPS timing 1 sec
CSI,CUSP3D,CUSP3D,42158,THHS,2014-08-07T22:37:00Z,Cusp3D+r,400.74.1,2019-08-29T00:00:00Z,9999-01-01T00:00:00Z,Fix GPS timing 1 sec
CSI,CUSP3D,CUSP3D,42159,PTHS,2014-08-18T23:03:00Z,Cusp3D+r,400.74.1,2019-08-16T00:00:00Z,9999-01-01T00:00:00Z,Fix GPS timing 1 sec
CSI,CUSP3D,CUSP3D,42161,DCDS,2014-09-09T06:00:00Z,Cusp3D+r,400.74.1,2019-08-29T00:00:00Z,9999-01-01T00:00:00Z,Fix GPS timing 1 sec
CSI,CUSP3D,CUSP3D,42162,DGNS,2014-09-09T23:59:00Z,Cusp3D+r,400.74.1,2019-08-29T00:00:00Z,9999-01-01T00:00:00Z,Fix GPS timing 1 sec
CSI,CUSP3D,CUSP3D,42164,TUHS,2014-08-06T03:32:00Z,Cusp3D+r,400.74.1,2019-08-29T00:00:00Z,9999-01-01T00:00:00Z,Fix GPS timing 1 sec
CSI,CUSP3D,CUSP3D,42165,HMCS,2013-06-12T02:00:00Z,Cusp3D+r,400.74.1,2019-08-16T00:00:00Z,9999-01-01T00:00:00Z,Fix GPS timing 1 sec
CSI,CUSP3D,CUSP3D,42166,GMFS,2014-08-11T00:05:00Z,Cusp3D+r,400.74.1,2019-08-29T00:00:00Z,9999-01-01T00:00:00Z,Fix GPS timing 1 sec
CSI,CUSP3D,CUSP3D,42167,ARPS,2014-08-11T04:05:00Z,Cusp3D+r,400.74.1,2019-08-16T00:00:00Z,9999-01-01T00:00:00Z,Fix GPS timing 1 sec
CSI,CUSP3D,CUSP3D,42168,NSPS,2014-08-27T00:00:10Z,Cusp3D+r,400.74.1,2019-08-30T00:00:00Z,9999-01-01T00:00:00Z,Fix GPS timing 1 sec
CSI,CUSP3D,CUSP3D,42169,IFPS,2014-08-12T00:05:00Z,Cusp3D+r,400.74.1,2019-08-31T00:00:00Z,9999-01-01T00:00:00Z,Fix GPS timing 1 sec
CSI,CUSP3D,CUSP3D,42170,KOKS,2014-08-12T05:05:00Z,Cusp3D+r,400.74.1,2019-08-16T00:00:00Z,9999-01-01T00:00:00Z,Fix GPS timing 1 sec
CSI,CUSP3D,CUSP3D,42172,NCHS,2014-08-27T00:00:10Z,Cusp3D+r,400.74.1,2019-08-31T00:00:00Z,9999-01-01T00:00:00Z,Fix GPS timing 1 sec
CSI,CUSP3D,CUSP3D,42212,LHBS,2014-08-16T00:00:10Z,Cusp3D+r,400.74.1,2019-08-30T00:00:00Z,9999-01-01T00:00:00Z,Fix GPS timing 1 sec
CSI,CUSP3D,CUSP3D,42213,LHRS,2014-08-14T22:00:10Z,Cusp3D+r,400.74.1,2019-08-30T00:00:00Z,9999-01-01T00:00:00Z,Fix GPS timing 1 sec
CSI,CUSP3D,CUSP3D,42214,LHES,2014-08-14T00:00:10Z,Cusp3D+r,400.74.1,2019-08-30T00:00:00Z,9999-01-01T00:00:00Z,Fix GPS timing 1 sec
CSI,CUSP3D,CUSP3D,42215,TMBS,2014-09-08T23:00:00Z,Cusp3D+r,400.74.1,2019-08-30T00:00:00Z,9999-01-01T00:00:00Z,Fix GPS timing 1 sec
CSI,CUSP3D,CUSP3D,42217,DKHS,2014-09-08T05:00:00Z,Cusp3D+r,400.74.1,2019-08-29T00:00:00Z,9999-01-01T00:00:00Z,Fix GPS timing 1 sec
CSI,CUSP3D,CUSP3D,42218,SKFS,2015-03-13T01:00:00Z,Cusp3D+r,400.74.1,2019-09-04T00:00:00Z,9999-01-01T00:00:00Z,Fix GPS timing 1 sec
CSI,CUSP3D,CUSP3D,42219,DFHS,2014-09-09T04:41:00Z,Cusp3D+r,400.74.1,2019-08-29T00:00:00Z,9999-01-01T00:00:00Z,Fix GPS timing 1 sec
CSI,CUSP3D,CUSP3D,42220,ASHS,2014-09-08T23:35:00Z,Cusp3D+r,400.74.1,2019-08-29T00:00:00Z,9999-01-01T00:00:00Z,Fix GPS timing 1 sec
CSI,CUSP3D,CUSP3D,42222,GORS,2015-05-14T03:27:40Z,Cusp3D+r,400.74.1,2019-08-29T00:00:00Z,9999-01-01T00:00:00Z,Fix GPS timing 1 sec
CSI,CUSP3D,CUSP3D,42223,ICCS,2014-09-24T05:00:00Z,Cusp3D+r,400.74.1,2019-08-30T00:00:00Z,9999-01-01T00:00:00Z,Fix GPS timing 1 sec
CSI,CUSP3D,CUSP3D,42224,HIBS,2014-09-24T23:17:42Z,Cusp3D+r,400.74.1,2019-08-30T00:00:00Z,9999-01-01T00:00:00Z,Fix GPS timing 1 sec
CSI,CUSP3D,CUSP3D,42225,MWFS,2014-11-03T00:01:00Z,Cusp3D+r,400.74.1,2019-08-30T00:00:00Z,9999-01-01T00:00:00Z,Fix GPS timing 1 sec
CSI,CUSP3D,CUSP3D,42226,MMCS,2014-11-04T03:01:00Z,Cusp3D+r,400.74.1,2019-08-30T00:00:00Z,9999-01-01T00:00:00Z,Fix GPS timing 1 sec
CSI,CUSP3D,CUSP3D,42227,TACS,2014-11-03T23:02:00Z,Cusp3D+r,400.74.1,2019-08-30T00:00:00Z,9999-01-01T00:00:00Z,Fix GPS timing 1 sec
CSI,CUSP3D,CUSP3D,42228,PFAS,2014-09-22T23:35:00Z,Cusp3D+r,400.74.1,2019-08-30T00:00:00Z,9999-01-01T00:00:00Z,Fix GPS timing 1 sec
CSI,CUSP3D,CUSP3D,42229,POLS,2014-09-23T02:45:00Z,Cusp3D+r,400.74.1,2019-08-30T00:00:00Z,9999-01-01T00:00:00Z,Fix GPS timing 1 sec
CSI,CUSP3D,CUSP3D,42230,TSFS,2014-09-22T04:24:00Z,Cusp3D+r,400.74.1,2019-08-30T00:00:00Z,9999-01-01T00:00:00Z,Fix GPS timing 1 sec
CSI,CUSP3D,CUSP3D,42231,TMDS,2014-10-09T01:30:00Z,Cusp3D+r,400.74.1,2019-08-30T00:00:00Z,9999-01-01T00:00:00Z,Fix GPS timing 1 sec
CSI,CUSP3D,CUSP3D,42232,FTPS,2014-10-16T22:51:57Z,Cusp3D+r,400.74.1,2019-08-29T00:00:00Z,9999-01-01T00:00:00Z,Fix GPS timing 1 sec
CSI,CUSP3D,CUSP3D,42233,DVHS,2014-11-27T00:00:05Z,Cusp3D+r,400.74.1,2019-08-29T00:00:00Z,9999-01-01T00:00:00Z,Fix GPS timing 1 sec
CSI,CUSP3D,CUSP3D,42235,HOCS,2014-12-04T00:10:00Z,Cusp3D+r,400.74.1,2019-08-30T00:00:00Z,9999-01-01T00:00:00Z,Fix GPS timing 1 sec
CSI,CUSP3D,CUSP3D,42236,OTKS,2014-12-01T00:10:00Z,Cusp3D+r,400.74.1,2019-08-30T00:00:00Z,9999-01-01T00:00:00Z,Fix GPS timing 1 sec
CSI,CUSP3D,CUSP3D,42237,WAKS,2014-11-27T00:00:05Z,Cusp3D+r,,2014-11-27T00:00:05Z,2019-09-10T00:00:00Z,Timing error
CSI,CUSP3D,CUSP3D,42237,,,Cusp3D+r,400.74.1,,,Fix GPS timing 1 sec
CSI,CUSP3D,CUSP3D,42238,ARKS,2015-02-23T00:00:05Z,Cusp3D+r,400.74.1,2019-08-29T00:00:00Z,9999-01-01T00:00:00Z,Fix GPS timing 1 sec
CSI,CUSP3D,CUSP3D,42239,TFSS,2015-02-26T00:00:10Z,Cusp3D+r,400.74.1,2019-08-30T00:00:00Z,9999-01-01T00:00:00Z,Fix GPS timing 1 sec
CSI,CUSP3D,CUSP3D,42240,FAHS,2015-03-12T00:00:05Z,Cusp3D+r,400.74.1,2019-08-29T00:00:00Z,9999-01-01T00:00:00Z,Fix GPS timing 1 sec
CSI,CUSP3D,CUSP3D,42247,WVFS,2014-12-17T00:00:05Z,Cusp3D+r,400.74.1,2019-08-30T00:00:00Z,9999-01-01T00:00:00Z,Fix GPS timing 1 sec
CSI,CUSP3D,CUSP3D,42249,KAFS,2014-12-17T00:00:00Z,Cusp3D+r,400.74.1,2019-08-30T00:00:00Z,9999-01-01T00:00:00Z,Fix GPS timing 1 sec
CSI,CUSP3D,CUSP3D,42250,FKPS,2015-04-14T00:00:05Z,Cusp3D+r,400.74.1,2019-08-30T00:00:00Z,9999-01-01T00:00:00Z,Fix GPS timing 1 sec
CSI,CUSP3D,CUSP3D,42251,ADCS,2015-01-29T23:00:00Z,Cusp3D+r,400.74.1,2019-08-29T00:00:00Z,9999-01-01T00:00:00Z,Fix GPS timing 1 sec
CSI,CUSP3D,CUSP3D,42252,QCCS,2015-04-23T00:00:05Z,Cusp3D+r,400.74.1,2019-08-30T00:00:00Z,9999-01-01T00:00:00Z,Fix GPS timing 1 sec
CSI,CUSP3D,CUSP3D,42253,MGCS,2015-04-23T02:00:05Z,Cusp3D+r,400.74.1,2019-08-30T00:00:00Z,9999-01-01T00:00:00Z,Fix GPS timing 1 sec
CSI,CUSP3D,CUSP3D,42255,CBGS,2015-04-15T16:15:00Z,Cusp3D+r,400.74.1,2019-08-29T00:00:00Z,9999-01-01T00:00:00Z,Fix GPS timing 1 sec
CSI,CUSP3D,CUSP3D,42256,OPCS,2015-03-06T00:00:50Z,Cusp3D+r,400.74.1,2019-08-30T00:00:00Z,9999-01-01T00:00:00Z,Fix GPS timing 1 sec
CSI,CUSP3D,CUSP3D,42257,RPCS,2015-03-10T00:00:30Z,Cusp3D+r,400.74.1,2019-08-30T00:00:00Z,9999-01-01T00:00:00Z,Fix GPS timing 1 sec
CSI,CUSP3D,CUSP3D,42258,PNBS,2015-03-12T00:00:05Z,Cusp3D+r,400.74.1,2019-08-30T00:00:00Z,9999-01-01T00:00:00Z,Fix GPS timing 1 sec
CSI,CUSP3D,CUSP3D,42259,REHS,2015-04-17T16:00:00Z,Cusp3D+r,400.74.1,2019-08-30T00:00:00Z,9999-01-01T00:00:00Z,Fix GPS timing 1 sec
CSI,CUSP3D,CUSP3D,42260,NNBS,2015-06-10T03:40:00Z,Cusp3D+r,400.74.1,2019-08-30T00:00:00Z,9999-01-01T00:00:00Z,Fix GPS timing 1 sec
CSI,CUSP3D,CUSP3D,42261,RDCS,2019-06-18T00:25:00Z,Cusp3D+r,400.74.1,2019-08-30T00:00:00Z,9999-01-01T00:00:00Z,Fix GPS timing 1 sec
CSI,CUSP3D,CUSP3D,42262,RKAC,2017-09-12T22:23:00Z,Cusp3D+r,400.74.1,2019-08-16T00:00:00Z,9999-01-01T00:00:00Z,Fix GPS timing 1 sec
CSI,CUSP3D,CUSP3D,42263,RDCS,2015-04-21T23:51:30Z,Cusp3D+r,,2015-04-21T23:51:30Z,2019-06-18T00:00:00Z, Timing error
CSI,CUSP3D,CUSP3D,42263,,,Cusp3D+r,,,,Sent to CSI
CSI,CUSP3D,CUSP3D,42264,PIPS,2018-01-25T19:49:00Z,Cusp3D+r,400.74.1,2019-08-16T00:00:00Z,9999-01-01T00:00:00Z,Fix GPS timing 1 sec
CSI,CUSP3D,CUSP3D,42265,WNHS,2015-04-14T00:00:05Z,Cusp3D+r,400.74.1,2019-08-29T00:00:00Z,9999-01-01T00:00:00Z,Fix GPS timing 1 sec
CSI,CUSP3D,CUSP3D,42266,BTWS,2015-04-01T00:00:05Z,Cusp3D+r,400.74.1,2019-08-29T00:00:00Z,9999-01-01T00:00:00Z,Fix GPS timing 1 sec
CSI,CUSP3D,CUSP3D,42267,NCBS,2015-06-02T01:45:10Z,Cusp3D+r,400.74.1,2019-08-30T00:00:00Z,9999-01-01T00:00:00Z,Fix GPS timing 1 sec
CSI,CUSP3D,CUSP3D,42268,NELS,2015-06-03T08:45:10Z,Cusp3D+r,400.74.1,2019-08-30T00:00:00Z,9999-01-01T00:00:00Z,Fix GPS timing 1 sec
CSI,CUSP3D,CUSP3D,42269,SEVS,2016-04-05T03:25:00Z,Cusp3D+r,400.74.1,2019-08-30T00:00:00Z,9999-01-01T00:00:00Z,Fix GPS timing 1 sec
CSI,CUSP3D,CUSP3D,42270,WBCS,2015-04-21T01:38:48Z,Cusp3D+r,400.74.1,2019-08-30T00:00:00Z,9999-01-01T00:00:00Z,Fix GPS timing 1 sec
CSI,CUSP3D,CUSP3D,42271,VUWS,2015-08-04T23:40:00Z,Cusp3D+r,400.74.1,2019-08-29T00:00:00Z,9999-01-01T00:00:00Z,Fix GPS timing 1 sec
CSI,CUSP3D,CUSP3D,42272,MCAS,2015-04-23T02:21:49Z,Cusp3D+r,400.74.1,2019-08-30T00:00:00Z,9999-01-01T00:00:00Z,Fix GPS timing 1 sec
CSI,CUSP3D,CUSP3D,42273,PARS,2015-04-15T00:00:05Z,Cusp3D+r,400.74.1,2019-08-30T00:00:00Z,9999-01-01T00:00:00Z,Fix GPS timing 1 sec
CSI,CUSP3D,CUSP3D,42274,TKHS,2015-06-04T00:04:00Z,Cusp3D+r,400.74.1,2019-08-30T00:00:00Z,9999-01-01T00:00:00Z,Fix GPS timing 1 sec
CSI,CUSP3D,CUSP3D,42275,WAIS,2015-05-27T00:00:30Z,Cusp3D+r,400.74.1,2019-08-30T00:00:00Z,9999-01-01T00:00:00Z,Fix GPS timing 1 sec
CSI,CUSP3D,CUSP3D,42276,TIRS,2015-05-29T00:02:00Z,Cusp3D+r,400.74.1,2019-08-30T00:00:00Z,9999-01-01T00:00:00Z,Fix GPS timing 1 sec
CSI,CUSP3D,CUSP3D,42277,TTHS,2015-06-03T00:03:00Z,Cusp3D+r,400.74.1,2019-08-30T00:00:00Z,9999-01-01T00:00:00Z,Fix GPS timing 1 sec
CSI,CUSP3D,CUSP3D,42278,CACS,2015-06-08T03:52:50Z,Cusp3D+r,400.74.1,2019-08-29T00:00:00Z,9999-01-01T00:00:00Z,Fix GPS timing 1 sec
CSI,CUSP3D,CUSP3D,42279,BWHS,2018-02-19T03:10:00Z,Cusp3D+r,400.74.1,2019-08-30T00:00:00Z,9999-01-01T00:00:00Z,Fix GPS timing 1 sec
CSI,CUSP3D,CUSP3D,42280,NAAS,2017-11-15T03:20:00Z,Cusp3D+r,400.74.1,2019-08-30T00:00:00Z,9999-01-01T00:00:00Z,Fix GPS timing 1 sec
CSI,CUSP3D,CUSP3D,42281,HCDS,2018-05-21T04:00:00Z,Cusp3D+r,400.74.1,2019-08-30T00:00:00Z,9999-01-01T00:00:00Z,Fix GPS timing 1 sec
CSI,CUSP3D,CUSP3D,42282,WSFC,2017-08-22T02:30:00Z,Cusp3D+r,400.74.1,2019-08-16T00:00:00Z,9999-01-01T00:00:00Z,Fix GPS timing 1 sec
CSI,CUSP3D,CUSP3D,42283,GODS,2015-06-11T00:14:33Z,Cusp3D+r,400.74.1,2019-08-29T00:00:00Z,9999-01-01T00:00:00Z,Fix GPS timing 1 sec
CSI,CUSP3D,CUSP3D,42285,MTPS,2016-04-22T02:10:00Z,Cusp3D+r,400.74.1,2019-08-30T00:00:00Z,9999-01-01T00:00:00Z,Fix GPS timing 1 sec
CSI,CUSP3D,CUSP3D,42286,WBFS,2015-06-10T00:03:10Z,Cusp3D+r,400.74.1,2019-08-31T00:00:00Z,9999-01-01T00:00:00Z,Fix GPS timing 1 sec
CSI,CUSP3D,CUSP3D,42287,POKS,2015-08-05T00:59:00Z,Cusp3D+r,400.74.1,2019-08-16T00:00:00Z,9999-01-01T00:00:00Z,Fix GPS timing 1 sec
CSI,CUSP3D,CUSP3D,42288,PNRS,2015-08-06T00:14:09Z,Cusp3D+r,400.74.1,2019-08-16T00:00:00Z,9999-01-01T00:00:00Z,Fix GPS timing 1 sec
CSI,CUSP3D,CUSP3D,42289,ORCS,2015-09-17T23:41:08Z,Cusp3D+r,400.74.1,2019-08-30T00:00:00Z,9999-01-01T00:00:00Z,Fix GPS timing 1 sec
CSI,CUSP3D,CUSP3D,42290,GHHS,2016-08-08T22:00:23Z,Cusp3D+r,400.74.1,2019-08-16T00:00:00Z,9999-01-01T00:00:00Z,Fix GPS timing 1 sec
CSI,CUSP3D,CUSP3D,42291,HUKS,2016-08-17T03:15:00Z,Cusp3D+r,400.74.1,2019-08-30T00:00:00Z,9999-01-01T00:00:00Z,Fix GPS timing 1 sec
CSI,CUSP3D,CUSP3D,42292,PPHS,2019-02-07T21:00:00Z,Cusp3D+r,400.74.1,2019-08-30T00:00:00Z,9999-01-01T00:00:00Z,Fix GPS timing 1 sec
CSI,CUSP3D,CUSP3D,42293,GISS,2016-08-09T01:16:05Z,Cusp3D+r,400.74.1,2019-08-16T00:00:00Z,9999-01-01T00:00:00Z,Fix GPS timing 1 sec
CSI,CUSP3D,CUSP3D,42294,GLNS,2015-10-22T21:05:00Z,Cusp3D+r,400.74.1,2019-08-29T00:00:00Z,9999-01-01T00:00:00Z,Fix GPS timing 1 sec
CSI,CUSP3D,CUSP3D,42295,DALS,2017-09-12T04:37:00Z,Cusp3D+r,400.74.1,2019-08-30T00:00:00Z,9999-01-01T00:00:00Z,Fix GPS timing 1 sec
